doi,has_pdf,docling_parsed,olmo_parsed,pub year,article title,match_oa
10.1080/24694452.2025.2601315,False,False,False,2025,Geographical Disparities in Energy Access: Challenges and Opportunities for Ghana's Energy Transition,True
10.1080/00330124.2025.2582789,False,False,False,2025,From the Right to Energy to the Right to the Countryside and Back Again: Contextualizing Rural Energy Transitions,True
10.1080/00330124.2025.2577916,False,False,False,2025,Spatiotemporal Relationship Between Tsunami Inundation and Evacuation Behavior,True
10.1080/00167428.2025.2552115,False,False,False,2026,From Labor to Life in Vegetal Geography: Exploring Ontological Marginalization and Critical Externalities in the Plantationscape of a Global South Country,True
10.1080/24694452.2025.2569512,False,False,False,2026,Resituating Urban Geopolitics: Connections and Frontiers,True
10.1080/24694452.2025.2522840,False,False,False,2025,"Digital technology and post-rural: rural restructuring in guangzhou, china",True
10.1080/00167428.2025.2512731,False,False,False,2025,From Street View Imagery to the Countryside: Large-Scale Perception of Rural China Using Deep Learning,True
10.1080/00330124.2025.2510976,False,False,False,2025,"An Indicator Framework for Resilient Agroecosystems in Ontario, Canada",True
10.1080/24694452.2025.2505682,False,False,False,2025,"How Far to Go to Encounter the Differences: Examining the Nonlinear Relationships Between Low-Income Migrants' Activity-Space Segregation and Traveling Distances in Shenzhen, China",True
10.1080/00330124.2025.2506793,False,False,False,2025,We Women Are Suffering: Fragile Water Infrastructure and Gendered Embodied Labor,True
10.1080/24694452.2025.2504584,False,False,False,2025,TACIT EVASION OR A MISPLACED POLICY GAZE: A POLITICAL ECOLOGY OF THE DEFORESTATION AND CHARCOAL CONUNDRUM IN MALAWI,True
10.1080/00167428.2025.2475803,False,False,False,2025,Toward Postsecular Feminism: Intersectionality and the Religious Subjectivities of Women Migrant Workers in China,True
10.1080/00330124.2025.2468684,False,False,False,2024,What Is Your Primary Language?: Spatial Considerations of Primary Language Identification in a Multilingual Rural Region,True
10.1080/24694452.2024.2446559,False,False,False,2024,"Wakeful Geographies, Wakeful Bodies: Day and Nighttime Rhythms of Indebted Life and Capitalist Enclosure in Cambodia",True
10.1080/00330124.2024.2440713,False,False,False,2025,TOWARDS FOOD SOVEREIGNTY: THE ROLE OF SMALLHOLDER FARMERS' SEED SECURITY IN IMPROVING CLIMATE CHANGE RESILIENCE IN NORTHERN MALAWI,True
10.1080/00167428.2024.2405213,False,False,False,2024,Spatioethnic Household Carbon Footprints in China and the Equity Implications of Climate Mitigation Policy: A Machine Learning Approach,True
10.1080/24694452.2024.2412178,False,False,False,2024,Using Data Bricolage and Mixed-Methods GIS to Uncover Mental Health Service Gaps in Rural Australia,True
10.1080/24694452.2024.2410002,False,False,False,2024,"Sustaining Hierarchies: A Cross-Level and Cross-Scale Analysis of Power, Politics, and Dominant Discourse in Adaptive Decision Making",True
10.1080/00330124.2024.2370264,False,False,False,2023,"Forests of Fear: Illegal Logging, Criminalization, and Violence in the Carpathian Mountains",True
10.1080/24694452.2024.2353173,False,False,False,2023,Land-Use and Land-Cover Changes and Farmers' Perceptions of Ecosystem Services in an Eastern Amazon Rural Settlement,True
10.1080/00167428.2024.2335395,False,False,False,2023,"Regional Drinking Water Supply in Pakistan: Regional Disparity, Inequality, and Development Pattern",True
10.1080/24694452.2024.2313496,False,False,False,2023,Human and Physical Dilemmas in Small-Scale Irrigation Development: Evidence from Climate-Sensitive Northern Ghana,True
10.1080/00330124.2024.2308610,False,False,False,2023,"Nature, Agriculture, and Black Space-Making in Serra dos Tapes, Brazil",True
10.1080/24694452.2023.2265984,False,False,False,2023,Dharavi in Beijing? A Hidden Geography of Waste and Migrant Exclusion,True
10.1080/24694452.2023.2249974,False,False,False,2023,"Rural E-Commerce and Emerging Paths Toward Product Renewal: Evidence from Taobao Villages in Zhejiang Province, China",True
10.1080/24694452.2023.2243316,False,False,False,2023,Exploring Life-Course Trajectories in Local Spatial Contexts Across Sweden,True
10.1080/24694452.2023.2209631,False,False,False,2022,Transgressive Capabilities: Skill Development and Social Disruption in Rural India,True
10.1080/00330124.2023.2199326,False,False,False,2022,Welcome to the Digital Village: Networking Geographies of Agrarian Change,True
10.1080/00330124.2023.2194367,False,False,False,2023,In the Shadow of the Green Revolution: Constrained Spatial Imaginaries and Smallholder Farming in Guatemala's Pacific Lowlands,True
10.1080/00330124.2023.2183414,False,False,False,2022,Translocal Precarity: Labor and Social Reproduction in Cambodia,True
10.1080/24694452.2023.2168247,False,False,False,2022,Deep Map and Short Residence as Crucial Elements for a Dialogic Research Method Investigating Places,True
10.1080/24694452.2022.2162477,False,False,False,2022,"Farmers, Victimization, and Animal Rights Activism in Sweden",True
10.1080/00330124.2022.2134150,False,False,False,2022,The Commodification of Security in Brazil: Urban-Rural Divide in Household Adoption of Safety Protective Devices,True
10.1080/24694452.2022.2125361,False,False,False,2022,Policing the Global Countryside: Toward a Research Agenda,True
10.1080/00330124.2022.2103719,False,False,False,2022,Chasing Moving Targets in Rural Spaces: Local Policing and Drug-Related Interventions,True
10.1080/00330124.2022.2112965,False,False,False,2022,Cumulative Socionatural Displacements: Reconceptualizing Climate Displacements in a World Already on the Move,True
10.1080/00330124.2022.2114092,False,False,False,2022,Maroon Socioterritorial Movements,True
10.1080/00330124.2022.2111689,False,False,False,2022,Fragments for the Future: Selective Urbanism in Rural North India,True
10.1080/24694452.2022.2105684,False,False,False,2022,"We Spray So We Can Live: Agrochemical Kinship, Mystery Kidney Disease, and Struggles for Health in Dry Zone Sri Lanka",True
10.1080/24694452.2022.2106177,False,False,False,2022,YOUNG PEOPLE'S VISIONS FOR LIFE IN THE COUNTRYSIDE IN LATIN AMERICA,True
10.1080/24694452.2022.2104689,False,False,False,2023,A LIFE-STAGE APPROACH FOR DECOMPOSING SPATIOTEMPORAL POPULATION CHANGES ALONG AN URBAN-RURAL GRADIENT: IMPLICATIONS FOR REGIONAL PLANNING,True
10.1080/00330124.2022.2103720,False,False,False,2022,THE EMERGING MOUNTAIN IMAGINARY OF THE GALICIAN HIGHLANDS: A NEW NATIONAL LANDSCAPE IN AN ERA OF GLOBALIZATION?,True
10.1080/24694452.2022.2103501,False,False,False,2022,Social Media and Emergency Services: Information Sharing about Cases of Missing Persons in Rural Sweden,True
10.1080/00330124.2022.2094425,False,False,False,2022,DOES LOCAL RURAL HERITAGE STILL MATTER IN A GLOBAL URBAN WORLD?,True
10.1080/00167428.2022.2054341,False,False,False,2022,"RETHINKING RURAL CITIZENSHIP IN COMMODITY REGIONS. LESSONS FROM THE LOS LAGOS REGION, CHILE",True
10.1080/24694452.2022.2067519,True,True,True,2021,Rural Soundscape: Acoustic Rurality? Evidence from Chinese Countryside,True
10.1080/24694452.2022.2044752,False,False,False,2022,CROATIAN RURAL FUTURES IN 2030: FOUR ALTERNATIVE SCENARIOS FOR POSTSOCIALIST COUNTRYSIDE IN THE NEWEST EU MEMBER STATE,True
10.1080/24694452.2022.2035208,False,False,False,2022,THE ROLE OF NOSTALGIA IN (RE)CREATING PLACE ATTACHMENTS FOR A DIASPORIC COMMUNITY,True
10.1080/00330124.2021.2014907,True,False,False,2021,Making Ecology Developmental: China's Environmental Sciences and Green Modernization in Global Context,True
10.1080/24694452.2021.1894086,True,True,True,2021,Centaur VGI: A Hybrid Human-Machine Approach to Address Global Inequalities in Map Coverage,True
10.1080/24694452.2021.2015280,True,False,False,2021,Making Darkness a Place-Based Resource: How the Fight against Light Pollution Reconfigures Rural Areas in France,True
10.1080/00330124.2021.2014908,True,False,False,2021,The Problem with Empowerment: Social Reproduction and Women's Food Projects in Jordan,True
10.1080/00330124.2021.2008260,True,False,False,2020,Dividing Above and Below: Constructing Territory for Ecosystem Service Conservation in the Ecuadorian Highlands,True
10.1080/00330124.2021.2004899,True,False,False,2020,Optimizing Antiretroviral Uptake in Rural Botswana: Advancing the World Health Organization's Treat All Program,True
10.1080/24694452.2021.2003179,True,False,False,2020,The Effects of Sociodemographic Characteristics on Divorce Rates in Oman: Spatial Modeling of Marital Separations,True
10.1080/00330124.2021.1993280,True,False,False,2020,The Rise and Fall of a Timber Baron: Political Forests and Unruly Coalitions in the Carpathian Mountains of Romania,True
10.1080/00330124.2021.1990090,True,False,False,2020,Gentrifying the African Landscape: The Performance and Powers of for-Profit Conservation on Southern Kenya's Conservancy Frontier,True
10.1080/00330124.2021.1993279,True,False,False,2020,"Tigers and Good Indian Wives: Feminist Political Ecology Exposing the Gender-Based Violence of Human-Wildlife Conflict in Rajasthan, India",True
10.1080/00330124.2021.1990089,True,False,False,2020,Doing Family in Times of Migration: Care Temporalities and Gender Politics in Southeast Asia,True
10.1080/24694452.2021.1960474,True,False,False,2020,"Sociolinguistic Consequences of Economic Convergence in Galicia, Spain",True
10.1080/24694452.2021.1960144,True,False,False,2020,Conservation or Decarbonization? Small Hydropower and State Logics of Green Development in China,True
10.1080/24694452.2021.1960145,True,False,False,2020,The New Mongolian State Herder: Examining Invocations and Improvisations of the State in Rural Mongolia,True
10.1080/24694452.2021.1959293,True,False,False,2020,Belonging to a Place: An Analysis of the Perceptions of Rural-to-Urban Migrants in China,True
10.1080/24694452.2021.1947770,True,False,False,2020,"E-Commerce, Taobao Villages and Regional Development in China",True
10.1080/00330124.2021.1957690,True,False,False,2019,"Institutions, Extreme Weather, and Urbanization in the Greater Mekong Region",True
10.1080/24694452.2021.1956295,True,False,False,2019,Youth Mobility and Territorial Disparities: An Analysis of Urban and Rural Barcelona,True
10.1080/00167428.2021.1925897,True,True,True,2019,India's Emergent Urban Formations,True
10.1080/24694452.2021.1930512,False,False,False,2019,"Accumulated Injuries of Environmental Injustice: Living and Working with Petrochemical Pollution in Nanjing, China",True
10.1080/00167428.2021.1906669,True,True,True,2019,Strategically Out of Place: Unemployed Migrants Mobilizing Rural and Urban Identities in North India,True
10.1080/00167428.2021.1897812,True,True,True,2019,The Spatially Varying Components of Vulnerability to Energy Poverty,True
10.1080/24694452.2021.1907172,True,True,True,2019,Electricity-Centered Clientelism and the Contradictions of Private Solar Microgrids in India,True
10.1080/00167428.2021.1890996,True,True,True,2019,Neoliberalizing Authoritarian Environmental Governance in (Post)Socialist Laos,True
10.1080/00167428.2020.1865816,True,True,True,2019,Smart Cities and the Digital Geographies of Technical Memory,True
10.1080/00330124.2021.1880943,True,True,True,2019,"The Grass Beneath: Conservation, Agro-Industrialization, and Land-Water Enclosures in Postcolonial Tanzania",True
10.1080/00167428.2020.1855583,True,True,True,2019,Precarious Participation: Assessing Inequality and Risk in the Carbon Credit Commodity Chain,True
10.1080/00167428.2020.1871298,True,True,True,2019,Analysis on the Relationship between Regional Innovation and Income Inequality in Chinese City Regions,True
10.1080/00167428.2020.1852406,True,True,True,2019,Political Ecologies of Dynamic Wetlands: Hydrosocial Waterscapes in the Okavango Delta,True
10.1080/24694452.2020.1863766,True,True,True,2018,HIV Citizenship in Uneven Landscapes,True
10.1080/24694452.2020.1806027,True,True,True,2018,"Primary Sector Value Chains, Poverty Reduction, And Rural Development Challenges In The Philippines",True
10.1080/00167428.2020.1786384,True,True,True,2018,"Rural Social Networks along Amazonian Rivers: Seeds, Labor and Soccer among Communities on the Napo River, Peru",True
10.1080/00167428.2020.1779592,True,True,True,2018,Dig Your Own Well: A Political Ecology of Rural Institutions in Western Sub-Saharan Africa,True
10.1080/24694452.2020.1768822,True,True,True,2018,Love Actually: Youth Mediators and Advisors in North India,True
10.1080/24694452.2020.1774351,True,True,True,2018,Cities as Catalysts of Gendered Social Change? Reflections from Zambia,True
10.1080/24694452.2020.1747972,True,True,True,2018,Sustaining Resilience: Modeling Nonprofit Collaboration in Recovery,True
10.1080/24694452.2020.1747971,True,True,True,2018,Governing Dispossession: Relational Land Grabbing in Laos,True
10.1080/00330124.2020.1744168,True,True,True,2018,Labor Networks Connecting Peripheral Economies to the National Innovation System,True
10.1080/24694452.2020.1735988,True,True,True,2018,Threatening Dystopias: Development and Adaptation Regimes in Bangladesh,True
10.1080/00330124.2020.1734034,True,True,True,2017,Self-Employment and Its Influence on the Vulnerability to Poverty of Households in Rural VietnamA PanelData Analysis,True
10.1080/24694452.2020.1727307,True,True,True,2017,Food Diaries to Measure Food Access: A Case Study from Rural Cuba,True
10.1080/00330124.2020.1730196,True,True,True,2017,Contesting Moral Capital in the Economy of Expectations of an Extractive Frontier,True
10.1080/24694452.2020.1723399,True,True,True,2017,Encountering Misrecognition: Being Mistaken for Being Muslim,True
10.1080/24694452.2020.1723398,True,True,True,2017,"Making Mountain Places into State Spaces: Infrastructure, Consumption, and Territorial Practice in a Himalayan Borderland",True
10.1080/24694452.2020.1723396,True,True,True,2016,"Geographies of Social Capital: Catastrophe Experience, Risk Perception, and the Transformation of Social Space in Postearthquake Resettlements in Sichuan, China",True
10.1080/24694452.2020.1723397,True,True,True,2016,Migration and Development? The Gendered Costs of Migration on Mexico's Rural Left Behind,True
10.1080/24694452.2019.1694402,True,True,True,2016,Spatial Social Network Analysis of Resource Access in Rural South Africa,True
10.1080/00330124.2019.1709214,True,True,True,2016,Confidence and Trust in Public Institution Natural Hazards Management: Case Studies in Urban and Rural China,True
10.1080/24694452.2019.1684874,True,False,False,2016,"Fluid Sovereignty: State-Nature Relations in the Hasbani Basin, Southern Lebanon",True
10.1080/00330124.2019.1676800,True,False,False,2016,Mobility Disadvantage and Livelihood Opportunities of Marginalized Widowed Women in Rural Uganda,True
10.1080/24694452.2019.1638753,True,True,True,2016,An Individual Rural Geography,True
10.1080/24694452.2019.1638750,True,True,True,2016,"Mobilities in Rural Africa: New Connections, New Challenges",True
10.1111/gere.12366,True,True,True,2016,"Spatiotemporal Evolution of Specialized Villages and Rural Development: A Case Study of Henan Province, China",True
10.1111/gere.12367,True,True,True,2016,Mobilities at Gunpoint: The Geographies of (Im)mobility of Transgender Sex Workers in Colombia,True
10.1080/24694452.2018.1535884,True,False,False,2016,Error Analysis of Regional Migration Modeling,True
10.1080/24694452.2018.1540920,True,True,True,2015,"The Role of Cross-Scale Social and Environmental Contexts in Household-Level Land-Use Decisions, Poyang Lake Region, China",True
10.1111/gere.12321,True,True,True,2015,"Historical Political Ecology of Water: Access to Municipal Drinking Water in Colonial Lima, Peru (1578-1700)",True
10.1080/24694452.2019.1587285,True,True,True,2015,"We Plant Only Cotton to Maximize Our Earnings: The Paradox of Food Sovereignty in Rural Telengana, India",True
10.1080/24694452.2019.1574551,True,True,True,2015,"The Weight of Small Cities: Development and the Rural-Urban Nexus in Jinghong, Southwest China",True
10.1080/24694452.2018.1525272,True,True,True,2015,Where Deforestation Leads to Urbanization: How Resource Extraction Is Leading to Urban Growth in the Brazilian Amazon,True
10.1080/24694452.2018.1507814,True,False,False,2015,Oil and Gas Production in the Russian Sector of the Caspian Sea: Public Opinion on Development Paths and Consequences,True
10.1080/24694452.2018.1511411,True,False,False,2015,Countering Inequality: Brazil's Movimento Sem-Terra,True
10.1080/24694452.2018.1541402,True,False,False,2015,Agro-Ecology and Food Sovereignty Movements in Chile: Sociospatial Practices for Alternative Peasant Futures,True
10.1080/24694452.2018.1549972,True,True,True,2015,Spatial Patterns of Seasonal Level Diurnal Variations of Ozone and Respirable Suspended Particulates in Hong Kong,True
10.1080/24694452.2018.1562872,True,False,False,2015,PARTICIPATORY RISK MAPPING OF GARBAGE-RELATED ISSUES IN A RURAL MEXICAN MUNICIPALITY,True
10.1080/24694452.2018.1535312,True,False,False,2014,"Authorizing the Natives: Governmentality, Dispossession, and the Contradictions of Rule in Colonial Zambia",True
10.1080/24694452.2018.1527680,True,False,False,2014,DEVELOPMENT WITHOUT INTERVENTION: A SUCCESSFUL SELF-RELIANCE INITIATIVE OF RURAL DEVELOPMENT AND URBAN GROWTH IN THE SUDAN,True
10.1080/24694452.2018.1551722,True,False,False,2014,"SEARCHING FOR A BETTER LIFE: PERI-URBAN MIGRATION IN WESTERN PARA STATE, BRAZIL",True
10.1080/24694452.2018.1537842,True,False,False,2014,"The Amenity Principle, Internal Migration, and Rural Development in Australia",True
10.1080/24694452.2018.1506695,True,True,True,2014,"Migration, Urbanization, and Political Power in Sub-Saharan Africa",True
10.1080/24694452.2018.1489214,True,True,True,2014,"Unintended Developments: Gender, Environment, and Collective Governance in a Mexican Ejido",True
10.1080/24694452.2018.1484685,True,True,True,2013,The Power of Mapping: Considering Discrepancies of Polish Cadastral Mapping,True
10.1080/24694452.2018.1490167,True,True,True,2013,Nazi Spatial Theory: The Dark Geographies of Carl Schmitt and Walter Christaller,True
10.1080/00330124.2018.1559653,True,True,True,2013,Niche Commodities and Rural Poverty Alleviation: Contextualizing the Contribution of Argan Oil to Rural Livelihoods in Morocco,True
10.1080/00330124.2018.1455524,True,True,True,2013,SCARING CROWS,True
10.1080/00330124.2018.1453184,True,True,True,2013,Influence of Latrine Proximity and Type on Tubewell Water Quality and Diarrheal Disease in Bangladesh,True
10.1080/00330124.2018.1501707,True,True,True,2013,Infrastructure Upgrades and Rural-Urban Connectivity: Distance Disparities in a Tri-National Frontier in the Amazon,True
10.1080/24694452.2018.1457428,True,True,True,2013,From Primitive Migration to Climate Refugees: The Curious Fate of the Natural Environment in Migration Studies,True
10.1111/gere.12287,True,True,True,2013,"Neoliberalization, Transnational Migration, and the Varied Landscape of Economic Subjectivity in the Totonacapan Region of Veracruz",True
10.1111/gere.12264,True,True,True,2012,Contentious Land Change in the Amazon's Arc of Deforestation,True
10.1111/gere.12247,True,True,True,2012,Integration of Spatial and Social Network Analysis in Disease Transmission Studies,True
10.1111/gere.12245,True,True,True,2012,"Neoliberalization of Housing in Sweden: Gentrification, Filtering, and Social Polarization",True
10.1111/gere.12244,True,True,True,2012,We Pray at the Church in the Day and Visit the Sangomas at Night: Health Discourses and Traditional Medicine in Rural South Africa,True
10.1080/24694452.2017.1420463,True,True,True,2012,The Complex Evolution of Cattle Ranching Development Amid Market Integration and Policy Shifts in the Brazilian Amazon,True
10.1080/24694452.2017.1406328,True,True,True,2012,"Mapping Spaces of Environmental Dispute: GIS, Mining, and Surveillance in the Amazon",True
10.1080/24694452.2017.1403879,True,True,True,2012,Producing Contaminated Citizens: Toward a Nature-Society Geography of Health and Well-Being,True
10.1080/24694452.2017.1417820,True,True,True,2012,Making a Living the Hmong Way: An Actor-Oriented Livelihoods Approach to Everyday Politics and Resistance in Upland Vietnam,True
10.1080/00330124.2018.1443479,True,True,True,2012,Forever Hmong: Ethnic Minority Livelihoods and Agrarian Transition in Upland Northern Vietnam,True
10.1111/j.0033-0124.1996.00070.x,False,False,False,2011,TRADITIONAL ECOLOGIES OF THE OPIUM POPPY AND ORAL HISTORY IN RURAL TURKEY*,False
10.1080/24694452.2017.1374163,True,True,True,2011,"From Crops to Concrete: Urbanization, Deagriculturalization, and Construction Material Mining in Central Mexico",True
10.1080/00330124.2017.1365309,True,True,True,2011,"Connecting and Disconnecting People and Places: Migrants, Migration, and the Household in Sri Lanka",True
10.1111/gere.12226,True,True,True,2011,"China's Permanent and Temporary Migrants: Differentials and Changes, 1990-2000",True
10.1080/24694452.2017.1406330,True,True,True,2011,"Burning for Sustainability: Biomass Energy, International Migration, and the Move to Cleaner Fuels and Cookstoves in Guatemala",True
10.1080/00330124.2017.1365308,True,True,True,2010,CREATIVE DESTRUCTION AND TRIAL BY SPACE IN A HISTORIC CANADIAN VILLAGE*,True
10.1111/j.1931-0846.2016.12206.x,True,True,True,2010,"Of Stakes, Stems, and Cuttings: The Importance of Local Seed Systems in Traditional Amazonian Societies",True
10.1080/00330124.2016.1157499,True,True,True,2010,Farm Size and Land Use Pattern Changes in Postsocialist Poland,True
10.1080/24694452.2016.1261684,True,True,True,2010,"Access Regimes and Regional Land Change in the Brazilian Cerrado, 1972-2002",True
10.1080/24694452.2016.1249726,True,True,True,2010,Social-Ecological Impacts of Concurrent Reservoir Inundation and Reforestation in the Three Gorges Region of China,True
10.1080/24694452.2016.1270192,True,True,True,2010,PLACE INVADERS: CONSTRUCTING THE NOMADIC THREAT IN ENGLAND,True
10.1080/24694452.2017.1328305,True,True,True,2010,MEXICAN URBAN COLONIAS IN THE SALT RIVER VALLEY OF ARIZONA,True
10.1080/24694452.2016.1232616,True,True,True,2010,Agrobiodiversity and Shade Coffee Smallholder Livelihoods: A Review and Synthesis of Ten Years of Research in Central America,True
10.1111/j.1931-0846.2016.12200.x,True,True,True,2010,The Role of Domestic Food Production in Everyday Life in Post-Soviet Ukraine,True
10.1080/24694452.2016.1151335,True,False,False,2010,Darkness on the Edge of Town: Mapping Urban and Peri-Urban Australia Using Nighttime Satellite Imagery,True
10.1080/24694452.2016.1159502,True,True,True,2010,"Adapting to Climate Change in Andean Ecosystems: Landscapes, Capitals, and Perceptions Shaping Rural Livelihood Strategies and Linking Knowledge Systems",True
10.1111/j.1931-0846.2016.12182.x,True,True,True,2009,Success and Failure of Crossbred Cows in India: A Place-Based Approach to Rural Development,True
10.1111/j.1931-0846.2016.12161.x,True,True,True,2009,Migration Permanence and Village Decline in Zacatecas: When You Can't Go Home Again,True
10.1080/00330124.2015.1065545,True,True,True,2008,Their space: Security and service workers in a Brazilian gated community,True
10.1080/00330124.2015.1028324,True,True,True,2008,"Land, labor, and rural development: Analyzing participation in India's village dairy cooperatives",True
10.1080/24694452.2015.1124017,True,True,True,2008,A multilevel analysis of agricultural trade and socioeconomic inequality in rural Mozambique,False
10.1080/24694452.2016.1194740,True,True,True,2008,"Different Places, Different Stories: Infant Mortality Decline in England and Wales, 1851-1911",True
10.1080/00330124.2016.1198264,True,True,True,2008,Changing Rural Landscapes in Albania: Cropland Abandonment and Forest Clearing in the Postsocialist Transition,True
10.1080/00045600802013502,False,False,False,2008,Custom and Contradiction: Rural Water Governance and the Politics of Usos y Costumbres in Bolivia's Irrigators' Movement,False
10.1080/24694452.2016.1213155,True,True,True,2007,Hybrid cultures of postdevelopment: The struggle for popular hegemony in rural Nicaragua,True
10.1080/00045608.2015.1113110,True,True,True,2007,Simulating emergent urban form using agent-based modeling: Desakota in the suzhou-wuxian region in china,True
10.1111/j.1467-9272.2006.00569.x,False,False,False,2006,Measuring potential access to primary healthcare services: The influence of alternative spatial representations of population,False
10.1080/00045608.2015.1100056,True,False,False,2006,Placing KaNgwane in the new South Africa,True
10.1080/00045608.2015.1086951,True,False,False,2005,Home-working in rural Bali: The organization of production and labor relations,True
10.1080/00045608.2015.1113112,True,False,False,2005,Forest clearing among farm households in the Maya Biosphere Reserve,True
10.1080/24694452.2016.1197767,True,True,True,2005,Exploring complexity in a human-environment system: An agent-based spatial model for multidisciplinary and multiscale integration,True
10.1080/00045608.2015.1060921,True,True,True,2004,From spatial continuity to fragmentation: The case of Russian farming,True
10.1080/00330124.2015.1062700,True,True,True,2004,A useless thing! or nectar of the gods? The cultural production of education and young men's struggles for respect in liberalizing north India,True
10.1080/00330124.2014.983590,True,False,False,2004,Place identity in a resource-dependent area of northern British Columbia,True
10.1080/00330124.2015.1053880,True,False,False,2004,Disturbance pharmacopoeias: Medicine and myth from the humid tropics,True
10.1080/00045608.2015.1022127,True,False,False,2004,Impacts of transportation changes on the woodworking industry of Mexico's Purpecha region,True
10.1080/00045608.2015.1052338,True,False,False,2004,The dugout canoe trade in Central America's Mosquitia: Approaching rural livelihoods through systems of exchange,True
10.1080/00045608.2015.1052337,True,False,False,2004,"Kitchenspace, fiestas, and cultural reproduction in Mexican house-lot gardens",True
10.1080/00330124.2014.968835,True,False,False,2004,Australian backyard gardens and the journey of migration,True
10.1111/j.1931-0846.2015.12078.x,True,True,True,2004,This land is ours now: Spatial imaginaries and the struggle for land in Brazil,True
10.1080/00330124.2014.935165,True,True,True,2004,Of intractable conflicts and participatory GIS applications: The search for consensus amidst competing claims and institutional demands,True
10.1080/00045608.2014.985626,True,True,True,2003,"Social capital, development, and indigenous politics in Ecuadorian Amazonia",True
10.1080/00330124.2014.886922,True,True,True,2003,"Using upland forest in Shimentai Nature Reserve, China",True
10.1111/j.1931-0846.2014.12044.x,True,True,True,2003,Forest transitions in Mexico: Institutions and forests in a globalized countryside,True
10.1080/00045608.2014.944453,True,True,True,2003,Circular migration and the spaces of cultural assertion,True
10.1111/j.1931-0846.2014.12037.x,True,True,True,2002,"Building co-ops, constructing cooperation: Spatial strategies and development politics in a Mexican village",True
10.1080/00045608.2014.914834,True,True,True,2002,Universal and specific features of urbanization in Estonia under socialism: The empirical evidence of the sources of urban and rural population growth,True
10.1111/j.1931-0846.2014.12027.x,True,True,True,2002,Agricultural expansion in northern Alberta,True
10.1080/00045608.2014.892338,True,True,True,2002,Urban indicators of China from radiance-calibrated digital DMSP-OLS nighttime images,True
10.1080/00330124.2012.735936,True,False,False,2002,"Who is forest-Dependent? Capturing local variation in forest-product sale, Eastern Honduras",True
10.1080/00045608.2013.873320,True,False,False,2002,"The local articulation of policy conflict: Land use, environment, and Amerindian rights in Eastern Amazonia",True
10.1080/00045608.2013.875802,True,False,False,2001,Building temporal topology in a GIS database to study the land-use changes in a rural-urban environment,True
10.1080/00330124.2012.725373,True,True,True,2001,"Responding to deforestation: Productive conservation, the World Bank, and beekeeping in Rondonia, Brazil",True
10.1080/00330124.2014.905158,True,True,True,2001,"Evolving spatial form of urban-rural interaction in the Pearl River Delta, China",True
10.1080/00045608.2014.910075,False,False,False,2001,Which truth? Cultural politics and vodka in rural Russia,True
10.1080/00045608.2013.779549,True,True,True,2000,Urban-system evolution on the frontier of the Ecuadorian Amazon,True
10.1080/00330124.2012.700501,True,True,True,2000,Reencountering development: Livelihood transitions and place transformations in the Andes,True
10.1080/00045608.2012.720228,True,True,True,2000,The best of times and the worst of times: Structural adjustment programs and uneven development in Africa: The case of Ghana,True
10.1080/00045608.2012.707591,True,True,True,2000,Regional inequality in China: A case study of Jiangsu Province,True
10.1080/00045608.2011.653732,True,True,True,2000,Health seeking behavior: Q-structures of rural and urban women in India with sexually transmitted diseases and reproductive tract infections,True
10.1080/00045608.2012.720234,True,True,True,2000,Peri-urban agroforestry in the Brazilian Amazon,True
10.1080/00330124.2012.681584,True,True,True,2000,Environmental discourses and the Ivorian Savanna,True
10.1080/00330124.2012.681517,True,True,True,2000,Challenges to family farming in China,True
10.1111/gere.12007,True,True,True,1999,Merging local and regional analyses of land-use change: The case of livestock in the Sahel,True
10.1080/00045608.2013.756257,True,True,True,1998,"A vulnerability interpretation of the geography of HIV AIDS in Ghana, 1986-1995",True
10.1080/00330124.2012.658713,True,True,True,1998,Beekeeping and local self-reliance in rural southern Africa,True
10.1111/j.1931-0846.2013.00187.x,True,False,False,1998,Waves of rural brides: Female marriage migration in China,True
10.1080/00330124.2011.639636,True,False,False,1998,Heading households and heading businesses: Rural Kenyan women in the informal sector,True
10.1080/00045608.2012.696233,True,False,False,1998,Seeds of civilization: Bronze age rural economy and ecology in the southern levant,True
10.1080/00045608.2011.652871,True,True,True,1997,Environmental degradation in heilongjiang: Policy reform and agrarian dynamics in China's new hybrid economy,True
10.1080/00045608.2011.620501,True,True,True,1997,Medjugorje: Finding peace at the heart of conflict,True
10.1080/00045608.2012.671129,True,True,True,1997,''Re-claiming'' land in the Gambia: Gendered property rights and environmental intervention,True
10.1080/00045608.2011.620508,True,False,False,1996,State hegemony in transforming the in rural landscapes of eastern Germany: 1945-1994,True
10.1080/00045608.2011.641897,True,True,True,1996,The geography of the 1994 Nordic vote on European Union membership,True
10.1080/00045608.2012.671133,True,True,True,1996,The 1948 Israeli-Palestinian war and its aftermath: The transformation and de-signification of Palestine's cultural landscape,True
10.1080/00045608.2012.678040,True,True,True,1995,THE PLACE OF NARRATIVE IN THE STUDY OF THIRD-WORLD MIGRATION - THE CASE OF SPONTANEOUS RURAL MIGRATION IN SRI-LANKA,True
10.1080/00330124.2011.601193,True,False,False,1995,"TERRACE CONSTRUCTION AND PRODUCTIVITY ON LOESSAL SOILS IN ZHONGYANG COUNTY, SHANXI PROVINCE, PRC",True
10.1080/00045608.2011.620503,True,False,False,1995,The fertility transition in Africa,True
10.1080/00045608.2011.641861,True,True,True,1995,COTTAGERS IN AN URBAN FIELD,True
10.1080/00045608.2012.671127,True,True,True,1995,Greenhouse horticulture and economic transition,True
10.1080/00045608.2011.596392,True,True,True,1995,MIGRATION PATTERNS DURING A PERIOD OF POLITICAL AND ECONOMIC SHOCKS IN THE FORMER SOVIET-UNION - A CASE-STUDY OF YAROSLAVL-OBLAST,True
10.1080/00330124.2011.611438,True,False,False,1995,The unnatural history of the Monterey pine,True
10.1111/j.1931-0846.2011.00100.x,True,False,False,1994,FRUTICULTURE AND UNEVEN DEVELOPMENT IN NORTHEAST BRAZIL,True
10.1111/j.1931-0846.2011.00085.x,True,False,False,1994,"SPATIAL ACCESSIBILITY TO HEALTH-CARE FACILITIES IN SUHUM DISTRICT, GHANA",True
10.1080/00045608.2011.584289,True,True,True,1994,TOWARDS THE RECONSTRUCTION OF AGRICULTURE - PATHS OF CHANGE AND ADJUSTMENT,True
10.1080/00045608.2011.569659,True,True,True,1994,COMMUNIST LEGACIES IN THE ALBANIAN LANDSCAPE,True
10.1080/00045608.2010.532741,True,True,True,1993,GEOGRAPHICAL DIMENSIONS OF THE SHINING PATH INSURGENCY IN PERU,True
10.1080/00330124.2010.533562,True,False,False,1993,"PERSONAL CONTACTS, SUBCONTRACTING LINKAGES, AND DEVELOPMENT IN THE HONG-KONG-ZHUJIANG DELTA REGION",True
10.1080/00045608.2011.568881,True,False,False,1993,MODEL OF URBAN TOURISM FOR SMALL CARIBBEAN ISLANDS,True
10.1080/00045608.2011.567936,True,True,True,1993,THE GREENING OF THE SQUARES OF LONDON - TRANSFORMATION OF URBAN LANDSCAPES AND IDEALS,True
10.1111/j.1931-0846.2010.00041.x,True,True,True,1993,HURRICANE HAZARD IN WESTERN-SAMOA,True
10.1111/j.1931-0846.2010.00019.x,True,True,True,1992,PRICKLY PEAR MENACE IN EASTERN AUSTRALIA 1880-1940,True
10.1080/00330120903543756,True,True,True,1992,"FROM COLUMBUS TO ACOSTA - SCIENCE, GEOGRAPHY, AND THE NEW-WORLD",True
10.1080/00330124.2010.483628,True,True,True,1992,"LANDSCAPE, SYSTEM, AND IDENTITY IN THE POSTCONQUEST ANDES",True
10.1080/00330120903546312,True,True,True,1992,"SPANISH COLONIZATION AND INDIAN PROPERTY IN CENTRAL MEXICO, 1521-1620",True
10.1080/00045600903378960,True,True,True,1992,LANDSCAPES OF CULTIVATION IN MESOAMERICA ON THE EVE OF THE CONQUEST,True
10.1080/00045600903550295,True,True,True,1992,FEMALE ACTIVITY SPACE IN RURAL BANGLADESH,True
10.1111/j.1931-0846.2010.00008.x,False,False,False,1991,SOW WHAT YOU KNOW - THE STRUGGLE FOR SOCIAL REPRODUCTION IN RURAL SUDAN,True
10.1080/00045601003795087,False,False,False,1989,"RURAL ECONOMIC RESTRUCTURING AND FARM HOUSEHOLD INCOME IN JIANGSU, PEOPLES-REPUBLIC-OF-CHINA",True
10.1111/j.1931-0846.2010.00004.x,False,False,False,1988,HUMAN-RELATIONS AND PRIMARY HEALTH-CARE DELIVERY IN RURAL NEPAL - THE CASE OF DEURALI,True
10.1080/00330124.2010.483638,False,False,False,1986,RURAL URBAN CORRELATES FOR INDIAN URBANIZATION,True
10.1080/00045608.2010.520214,False,False,False,2025,Community-Based Participatory Geographic Information Systems: Informing a Long-Term Drinking Water Research Collaboration,True
10.1080/00330120903405006,False,False,False,2025,Building Flood Resilience in West Virginia through Community-Engaged Research,True
10.1080/00045608.2010.500198,False,False,False,2025,SHIFTING RESPONSIBILITIES: REFUGEE-MIGRANT YOUTH LIFE-WORK IN A US RURAL POULTRY TOWN,True
10.1080/00330120802577558,False,False,False,2025,New Perspectives on Mapping Rural Settlements Using Google Hyperlinks for Appalachian Kentucky,True
10.1080/00045600903102808,False,False,False,2025,Assessing Urban-Rural Differences in Disaster Evacuation Vulnerability Among Minority Populations: Insights from a Recent Survey in Florida,True
10.1111/j.1931-0846.2009.tb00418.x,False,False,False,2025,Nine Processes That Have Shaped the US National Park System,True
10.1080/00330120902941779,False,False,False,2024,Patterns of Multidimensional Poverty in the United States,True
10.1080/00045600802516017,False,False,False,2024,Signaling Hinterlands and the Spatial Networks of Digital Capitalism,True
10.1080/00330120902941670,False,False,False,2023,"Geographies of Land Ownership Change in the Rural United States: Challenges, Methods, and Possibilities",True
10.1080/00330120802288941,False,False,False,2023,"Making the Cotton District (White): Urban Renewal, New Urbanism, and the Construction of a Nostalgic Neo-Plantationist Pastiche",True
10.1111/j.1931-0846.2008.tb00313.x,False,False,False,2023,Human-Induced Resource Scarcity in the Colorado River Basin and Its Implications for Water Supply and the Environment in the Mexicali Valley Transboundary Aquifer,True
10.1111/j.1931-0846.2008.tb00311.x,False,False,False,2023,New West and Old West in the Twenty-First Century: The Rich Get Richer,True
10.1080/00330120801985729,False,False,False,2023,Migration Responses to the COVID-19 Pandemic: A Case Study of New England Showing Movements down the Urban Hierarchy and Ensuing Impacts on Real Estate Markets,True
10.1080/00330120701876283,False,False,False,2023,Accessible Green Spaces? Spatial Disparities in Residential Green Space among People with Disabilities in the United States,True
10.1080/00045600802224406,False,False,False,2023,They Will Destroy Themselves Wanting Purely American: Labor and Carceral Immigration Enforcement in the US Pacific Northwest,True
10.1080/00045600802262323,False,False,False,2023,Transit Access to Subsidized Food Stores in the US Midwest,True
10.1080/00045600802013502,False,False,False,2023,"Toward Total Freedom: Black Ecologies of Land, Labor, and Livelihoods in the Mississippi Delta",True
10.1111/j.1467-8306.2007.00583.x,False,False,False,2023,The Public Land Survey Landscape in the Intermountain US West,True
10.1111/j.1467-9272.2007.00632.x,False,False,False,2022,It's Not for Everybody: Life in Arizona's Sparsely Populated Areas,True
10.1111/j.1467-8306.2007.00559.x,False,False,False,2022,"How Ya Gonna Keep 'Em Down on the Farm, After They've Seen Paree? World War I Overseas Military Service and Rural Americans' Postwar Occupational Mobility",True
10.1111/j.1467-8306.2006.00708.x,False,False,False,2022,Where Do International Students Work after Graduation? Optional Practical Training and the New Geography of Jobs,True
10.1111/j.1467-9272.2006.00569.x,False,False,False,2022,"Urban Flight and Rural Rights in a Pandemic: Exploring Narratives of Place, Displacement, and the Right to Be Rural in the Context of COVID-19",True
10.1111/j.1467-9272.2006.00565.x,False,False,False,2022,Introduction to Focus Section: The Geographies of Crime and Policing in the Global Countryside,True
10.1111/j.1931-0846.2006.tb00388.x,False,False,False,2022,Un/Making Assets: The Institutional Limits to Financialization,True
10.1111/j.1467-8306.2005.00488.x,False,False,False,2022,"Heat Waves and Road Traffic Collisions in Alabama, United States",True
10.1080/00330124.2021.1957690,False,False,False,2022,Protecting a Broken Window: Vandalism and Security at Rural Rock Art Sites,False
10.1111/j.1467-9272.2005.00498.x,False,False,False,2022,"With, Not for, Money: Ranch Management Trajectories of the Super-Rich in Greater Yellowstone",True
10.1111/j.1467-9272.2005.00497.x,False,False,False,2022,SECOND HOME PROPERTY OWNERSHIP AND PUBLIC-SCHOOL FUNDING IN WISCONSIN'S NORTHWOODS,True
10.1111/j.1467-8306.2005.00466.x,True,True,True,2021,Motivations and Methods for Replication in Geography: Working with Data Streams,True
10.1111/j.0033-0124.2005.00469.x,False,False,False,2022,RURALITY AS A KEY FACTOR FOR PLACE ATTACHMENT IN THE GREAT PLAINS,True
10.1111/j.1467-8306.2005.00450.x,True,True,True,2021,SPATIALIZING BLACK CULTURE THROUGH THE PLACEMAKING TRADITION OF THE RURAL LOUISIANA CREOLEBOUCHERIE,True
10.1111/j.1467-8306.2005.00447.x,True,False,False,2020,The Bakken Blind Field: Investigating Planetary Urbanization and Opaqueness in the Oil and Gas Fields of Eastern Montana,True
10.1080/00330124.2020.1744168,False,False,False,2020,An Intensifying Urban-Rural Schism in US Women's Preference for Governmental Solutions to Social Problems,False
10.1080/24694452.2020.1727307,False,False,False,2020,The Environmental Justice Implications of Managing Hazardous Fuels on Federal Forest Lands,False
10.1080/24694452.2019.1694402,False,False,False,2020,Challenges and Opportunities for Coping with the Smart Divide in Rural America,False
10.1080/00330124.2019.1676800,False,False,False,2020,Examining Spatial Disparities of Obesity: Residential Segregation and the Urban-Rural Divide,False
10.1080/24694452.2019.1638753,False,False,False,2020,Unusually Devastating Tornadoes in the United States: 1995-2016,False
10.1111/j.1931-0846.2004.tb00182.x,True,True,True,2019,Future Extreme Event Risk in the Rural Northeastern United States,True
10.1111/j.1467-8306.2004.00418.x,True,True,True,2019,"Rural Ruins in America's Climate Change Story: Photojournalism, Perception, and Agency in Shishmaref, Alaska",True
10.1111/j.1931-0846.2004.tb00178.x,True,True,True,2019,"Geomorphic Responses to Extreme Rainfall, Catastrophic Flooding, and Dam Failures across an Urban to Rural Landscape",True
10.1111/j.1931-0846.2004.tb00176.x,True,False,False,2019,Influence of the Spatial Resolution of the Exposure Estimate in Determining the Association between Heat Waves and Adverse Health Outcomes,True
10.1111/j.1467-8306.2004.09402015.x,True,False,False,2019,"Urban Geocryology: Mapping Urban-Rural Contrasts in Active-Layer Thickness, Barrow Peninsula, Northern Alaska",True
10.1111/j.1467-8306.2004.09401003.x,True,False,False,2019,Reparation Ecologies: Regimes of Repair in Populist Agroecology,True
10.1111/j.1931-0846.2003.tb00036.x,True,True,True,2019,US Farm Policy as Fraught Populism: Tracing the Scalar Tensions of Nationalist Agricultural Governance,True
10.1111/j.1931-0846.2003.tb00035.x,True,True,True,2019,Bringing Back the Mines and a Way of Life: Populism and the Politics of Extraction,True
10.1080/00330124.2018.1453184,False,False,False,2019,Everyday Encounters with Activist Scholarship,False
10.1111/1467-8306.93110,True,True,True,2019,The Three American Wests,True
10.1111/1467-8306.93112,True,False,False,2018,The Multifunctionality of Country Stores: Insights on Resilience from Rural Vermont,True
10.1111/1467-8306.93108,True,False,False,2018,AQUACULTURE AND THE POSTPRODUCTIVE TRANSITION ON THE MAINE COAST,True
10.1111/1467-8306.00315,True,False,False,2018,ALTERNATIVE AND VIRTUAL RURALITY: AGRICULTURE AND THE COUNTRYSIDE AS EMBODIED IN AMERICAN IMAGINATION,True
10.1111/0033-0124.00349,True,True,True,2018,The Making of White Water Citizens in Australia and the Western United States: Racialization as a Transnational Project of Irrigation Governance,True
10.2307/4140932,True,True,True,2018,"Happy to Be Home: Place-Based Attachments, Family Ties, and Mobility among Rural Stayers",True
10.1111/0033-0124.00336,True,True,True,2018,"Economic-Development Stakeholder Perspectives on Boomtown Dynamics in the Eagle Ford Shale, Texas",True
10.2307/4140919,True,True,True,2018,Inverted Two-Step Floating Catchment Area Method for Measuring Facility Crowdedness,True
10.1111/1467-8306.00288,True,True,True,2017,"Crip Theory and Country Boys: Masculinity, Dis/Ability, and Place in Rural Southeast Kansas",True
10.1111/0033-0124.00323,True,True,True,2017,Rural Rentierism and the Financial Enclosure of Maine's Open Lands Tradition,True
10.1111/j.1931-0846.2016.12200.x,False,False,False,2016,"Borderland Lifeways in the American Exclave of Point Roberts, Washington",False
10.1111/0033-0124.00304,True,True,True,2016,"Race, Space, and Electric Power: Jim Crow and the 1934 North Carolina Rural Electrification Survey",True
10.1111/0033-0124.00299,True,True,True,2016,The Economic Contributions of Agricultural Tourism in Michigan,True
10.1111/0004-5608.00254,True,True,True,2016,Household Water Insecurity in the Global North: A Study of Rural and Periurban Settlements on the Texas-Mexico Border,True
10.2307/3594738,True,True,True,2016,"Mobility, Communication, and Place: Navigating the Landscapes of Suburban US Teens",True
10.2307/3594740,True,True,True,2016,Urban-Rural Differences in Disaster Resilience,True
10.1111/0033-0124.00273,True,True,True,2016,Beyond the Edge and in Between: (Re)conceptualizing the Rural-Urban Interface as Meaning-Model-Metaphor,True
10.1111/0033-0124.00269,True,True,True,2015,Scaling Food Sovereignty: Biopolitics and the Struggle for Local Control of Farm Food in Rural Maine,True
10.2307/3250830,True,True,True,2015,"Latino Immigrants and Rural Gentrification: Race, Illegality, and Precarious Labor Regimes in the United States",True
10.1111/0004-5608.00218,True,True,True,2015,"Landscapes of Risk: The Geography of Fatal Traffic Collisions in Indiana, 2003 to 2011",True
10.2307/3250784,True,True,True,2014,"Spatial and Temporal Patterns of Anthrax in White-Tailed Deer, Odocoileus virginianus, and Hematophagous Flies in West Texas during the Summertime Anthrax Risk Period",True
10.2307/3250782,True,True,True,2014,Market Impacts on Land-Use Change: An Agent-Based Experiment,True
10.1111/0004-5608.00206,True,False,False,2014,"Undocumented Students' Narratives of Liminal Citizenship: High Aspirations, Exclusion, and  In-Between Identities",True
10.1111/0033-0124.00239,True,False,False,2014,Reasons for Returning and Not Returning to Rural US Communities,True
10.1111/0033-0124.00236,True,False,False,2014,Megapolitan Political Ecology and Urban Metabolism in Southern Appalachia,True
10.1111/0033-0124.00238,True,True,True,2013,"Economic Development, Racialization, and Privilege: Yes in My Backyard Prison Politics and the Reinvention of Madras, Oregon",True
10.2307/3250862,True,True,True,2013,Methodological Advances in the Spatial Analysis of Land Fragmentation,True
10.1111/0033-0124.00219,True,True,True,2013,FUTURES: Multilevel Simulations of Emerging Urban-Rural Landscape Structure Using a Stochastic Patch-Growing Algorithm,True
10.2307/216117,True,True,True,2013,"The Growth of Ranchettes in La Plata County, Colorado, 1988-2008",True
10.1111/0004-5608.00184,True,True,True,2013,A LiDAR-Based Analysis of Stream Channel Cross Section Change Across an Urban-Rural Land-Use Boundary,True
10.1111/0033-0124.00208,True,True,True,2013,Ethnic Restructuring in Rural America: Migration and the Changing Faces of Rural Communities in the Great Plains,True
10.2307/216175,True,False,False,2013,RURAL REGIONAL GOVERNANCE IN THE UNITED STATES: THE CASE OF THE RESOURCE CONSERVATION AND DEVELOPMENT PROGRAM,True
10.2307/216155,True,True,True,2012,"Claiming Space, Claiming Water: Contested Legal Geographies of Water in South Texas",True
10.1080/00330124.2011.601193,False,False,False,2012,Developing the Commons: The Contradictions of Growth in Exurban Montana,False
10.1111/0033-0124.00131,True,True,True,2012,"With Numbers in Place: Security, Territory, and the Production of Calculable Space",True
10.2307/216014,True,True,True,2011,AD HOC REGIONALISM IN RURAL DEVELOPMENT,True
10.1111/1467-8306.00092,True,False,False,2011,Because You Got to Have Heat: The Networked Assemblage of Energy Poverty in Eastern North Carolina,True
10.1111/0033-0124.00114,True,False,False,2011,A Geographic Approach to Sectoral Carbon Inventory: Examining the Balance Between Consumption-Based Emissions and Land-Use Carbon Sequestration in Florida,True
10.1111/1467-8306.00087,True,False,False,2010,SHIFTING SYNANTHROPY OF THE CROW IN EASTERN NORTH AMERICA,True
10.1111/1467-8306.00069,True,False,False,2010,Integrating Fire Behavior and Pedestrian Mobility Models to Assess Potential Risk to Humans from Wildfires Within the US-Mexico Border Zone,True
10.1111/0033-0124.00088,True,False,False,2010,"Articulations of Place, Poverty, and Race: Dumping Grounds and Unseen Grounds in the Rural American Northwest",True
10.2307/215225,True,False,False,2009,Ties That No Longer Bind? The Patterns and Repercussions of Age-Articulated Migration,True
10.1111/1467-8306.00065,True,False,False,2009,"CREATIVE ECONOMIC DEVELOPMENT, SUSTAINABILITY, AND EXCLUSION IN RURAL AREAS",True
10.1111/0033-0124.00070,True,False,False,2009,The US Electoral College and Spatial Biases in Voter Power,True
10.1111/j.1467-8306.1996.tb01761.x,True,True,True,2009,Barriers to Establishing Low-Power FM Radio in the United States,True
10.1111/j.0033-0124.1996.00321.x,True,True,True,2008,"Finding a Disappearing Nontimber Forest Resource: Using Grounded Visualization to Explore Urbanization Impacts on Sweetgrass Basketmaking in Greater Mt. Pleasant, South Carolina",True
10.1111/j.0033-0124.1996.00284.x,True,True,True,2008,"Place making, hazardous waste, and the development of Tooele County, Utah",True
10.1111/j.1467-8306.1996.tb01753.x,True,False,False,2007,Place perception and social interaction on an exurban landscape in central colorado,True
10.1111/j.1467-8306.1996.tb01747.x,True,False,False,2006,Ruptures and recuperations of a language of racism in Alaska's rural/urban divide,True
10.1111/j.0033-0124.1996.00014.x,True,False,False,2006,America's changing farmscape: A study of agricultural tourism in Michigan,True
10.1111/j.0033-0124.1996.00070.x,True,True,True,2005,"Constructing a prison in the forest: Conflicts over nature, paradise, and identity",True
10.1111/j.0033-0124.1995.00411.x,True,True,True,2005,Spatial convergence and spillovers in American invention,True
10.1111/j.1467-8306.1995.tb01808.x,True,True,True,2005,"Heterolocalism, networks of ethnicity, and refugee communities in the Pacific Northwest: The Portland story",True
10.2307/215274,True,True,True,2005,"Imperfectly imperial: Northern travel writers in the Postbellum US South, 1865-1880",True
10.1111/j.1467-8306.1995.tb01793.x,True,True,True,2005,"Geospatial information technology, rural resource development, and future geographies",True
10.1111/j.0033-0124.1995.00148.x,True,True,True,2004,Exploring the geographic consequences of public policies using evolutionary algorithms,True
10.1111/j.0033-0124.1995.00159.x,True,True,True,2003,Cultivating discourse: The social construction of agricultural legislation,True
10.2307/216061,True,True,True,2003,Historical changes in forest cover and land ownership in a Midwestern US landscape,True
10.2307/216062,True,True,True,2002,"Business services, productivity, and wages: Metropolitan and nonmetropolitan Michigan counties, 1977-1997",True
10.1111/j.0033-0124.1995.00017.x,True,False,False,2002,Rural place attachment in Hispano urban centers,True
10.2307/215551,True,False,False,2001,"Spatial patterns of migration and income change in the mountain West: The dominance of service-based, amenity-rich counties",True
10.2307/215754,True,False,False,2001,"School, community, and spatial equity: An empirical investigation of access to elementary schools in West Virginia",True
10.1111/j.0033-0124.1994.00199.x,True,True,True,2001,Biodiversity and land-use change in the American Mountain West,True
10.1111/j.0033-0124.1994.00178.x,True,True,True,2001,Land-use dynamics beyond the American urban fringes,True
10.1111/j.1467-8306.1994.tb01727.x,True,True,True,2000,Community worldview and rural systems: A study of five communities in Iowa,True
10.2307/215781,True,False,False,2000,Bavarian Leavenworth and the symbolic economy of a theme town,True
10.2307/215825,True,True,True,2000,Small business ownership in Illinois: The effect of gender and location on entrepreneurial success,True
10.1111/j.1467-8306.1993.tb01935.x,False,False,False,2000,Revisiting the rural revolution in East Carolina,True
10.2307/215251,True,True,True,2000,Interpreting what is rural and urban for western US counties,True
10.1111/j.1467-8306.1993.tb01924.x,True,True,True,1999,Settin' the woods on fire: Rural incendiarism as protest,True
10.1111/j.0033-0124.1993.00012.x,True,True,True,1997,"Migration, sources of income, and community change in the nonmetropolitan Northwest",True
10.2307/215379,True,True,True,1997,A pragmatic study of conventional and alternative farmers in Colorado,True
10.2307/215199,True,True,True,1996,Use of space-filling curves in generating a national rural sampling frame for HIV AIDS research,True
10.2307/215196,True,True,True,1996,Countryside recreational access in the United States: A statistical comparison of rural districts,True
10.1111/j.1467-8306.1992.tb01974.x,True,True,True,1996,Tolerance and rejection: The vote on Colorado's Amendment Two,True
10.1111/j.0033-0124.1996.00070.x,False,False,False,1996,"Patterns of avian population density, habitat use, and flocking behavior in urban and rural habitats during winter",False
10.1111/j.1467-8306.1992.tb01969.x,True,True,True,1995,"IMMIGRANT TRAJECTORIES THROUGH THE RURAL-INDUSTRIAL TRANSITION IN WALES AND THE UNITED-STATES, 1795-1850",True
10.1111/j.1467-8306.1992.tb01967.x,True,True,True,1995,FOREST-LANDSCAPE STRUCTURE ALONG AN URBAN-TO-RURAL GRADIENT,True
10.2307/215401,True,False,False,1995,Native American population patterns,True
10.1111/j.1467-8306.1991.tb01706.x,True,False,False,1994,"OGALLALA OASES - WATER-USE, POPULATION REDISTRIBUTION, AND POLICY IMPLICATIONS IN THE HIGH-PLAINS OF WESTERN KANSAS, 1980-1990",True
10.1111/j.0033-0124.1990.00471.x,True,True,True,1993,JOB-RICH BUT HOUSING-POOR - THE DILEMMA OF A WESTERN AMENITY TOWN,True
10.1111/j.1467-8306.1989.tb00273.x,True,True,True,1992,BLACK DISTRICTS IN SOUTHEASTERN FLORIDA,True
10.1111/j.1467-8306.1989.tb00263.x,False,False,False,1990,RURAL ADDRESSING AND COMPUTER MAPPING IN NEW-MEXICO,True
10.1111/j.0033-0124.1988.00202.x,False,False,False,1989,PREADAPTATION AND EUROPEAN COLONIZATION IN RURAL NORTH-AMERICA,True
10.1111/j.0033-0124.1987.00275.x,False,False,False,1987,RURAL-POPULATION LOSS AND CROPLAND CHANGE IN THE SOUTHERN PLAINS - IMPLICATIONS FOR CROPLAND RETIREMENT POLICY,True
10.1111/j.0033-0124.1986.00343.x,False,False,False,1986,SELLERS AND NONSELLERS OF LAND FOR NEW RURAL HOUSING,True
10.2307/214623,False,False,False,2022,SUSTAINING RURAL SYSTEMS: RURAL VITALITY IN AN ERA OF GLOBALIZATION AND ECONOMIC NATIONALISM,True
